Tanggal WIB,Tanggal WITA,Tanggal WIT,Lintang,Bujur,Kedalaman,Magnitude,Sumber,Keterangan,Wilayah,Dir
2/11/2021  10:00:00,2/11/2021  10:00:01,2/11/2021  10:00:02,-6.908244632,107.6419528,343,5,MTI,ket,wil,….
2/11/2021  10:00:00,2/11/2021  10:00:01,2/11/2021  10:00:02,-6.930909299,107.6319965,12,2,MTI,ket,wil,….
2/11/2021  10:00:00,2/11/2021  10:00:01,2/11/2021  10:00:02,-6.929205227,107.5810131,180,2.2,MTI,ket,wil,….
